protein_id	fasta_headers	gene_symbols_or_id	KO_1	KO_2	KO_3	WT_1	WT_2	WT_3
A0A0R4J083;P51174	>tr|A0A0R4J083|A0A0R4J083_MOUSE Isoform of P51174, Long-chain-specific acyl-CoA dehydrogenase, mitochondrial OS=Mus musculus OX=10090 GN=Acadl PE=1 SV=1;>sp|P51174|ACADL_MOUSE Long-chain specific acyl-CoA dehydrogenase, mitochondrial OS=Mus musculus OX=10090 GN=Acadl PE=1 SV=2	ACADL	15.0575057313152	14.5751179268645	13.6467868914479	12.642325642471	14.8942968513418	14.4809295497052
Q99KI0	>sp|Q99KI0|ACON_MOUSE Aconitate hydratase, mitochondrial OS=Mus musculus OX=10090 GN=Aco2 PE=1 SV=1	ACO2	14.1834131433521	13.833503763532	13.9860519131448	14.4552427087839	14.5976472027938	14.2134937260429
Q9CQR4	>sp|Q9CQR4|ACO13_MOUSE Acyl-coenzyme A thioesterase 13 OS=Mus musculus OX=10090 GN=Acot13 PE=1 SV=1	ACOT13	17.5577459680043	17.2788658897261	17.19071505653	17.5826308749218	17.4655031975415	17.295179462219
Q9R0X4	>sp|Q9R0X4|ACOT9_MOUSE Acyl-coenzyme A thioesterase 9, mitochondrial OS=Mus musculus OX=10090 GN=Acot9 PE=1 SV=1	ACOT9	14.8993261397454	14.9444552437551	13.1831254818822	15.2703346970202	15.0249464882025	15.1720877580632
P60710;P63260	>sp|P60710|ACTB_MOUSE Actin, cytoplasmic 1 OS=Mus musculus OX=10090 GN=Actb PE=1 SV=1;>sp|P63260|ACTG_MOUSE Actin, cytoplasmic 2 OS=Mus musculus OX=10090 GN=Actg1 PE=1 SV=1	ACTB;ACTG1	16.6625104613127	16.9878345892322	16.91380045111	17.0243614772697	17.1123660874634	17.1839947260756
Q80SW1	>sp|Q80SW1|SAHH2_MOUSE S-adenosylhomocysteine hydrolase-like protein 1 OS=Mus musculus OX=10090 GN=Ahcyl1 PE=1 SV=1	AHCYL1	16.208916079445	15.20241377124	14.778883668893	16.1816897748804	15.6202036230685	16.4111261365229
B1AU25;Q9Z0X1	>tr|B1AU25|B1AU25_MOUSE Isoform of Q9Z0X1, Apoptosis-inducing factor 1, mitochondrial OS=Mus musculus OX=10090 GN=Aifm1 PE=1 SV=1;>sp|Q9Z0X1|AIFM1_MOUSE Apoptosis-inducing factor 1, mitochondrial OS=Mus musculus OX=10090 GN=Aifm1 PE=1 SV=1	AIFM1	12.1821056096328	12.0109608010824	14.3270029593826	14.259123548822	13.029139855941	13.4069297938161
P07724	>sp|P07724|ALBU_MOUSE Serum albumin OS=Mus musculus OX=10090 GN=Alb PE=1 SV=3	ALB	14.4531905809127	15.3024838642387	16.1215085696997	15.6945796257213	15.2130834065557	15.2578456912121
Q920R0	>sp|Q920R0|ALS2_MOUSE Alsin OS=Mus musculus OX=10090 GN=Als2 PE=1 SV=3	ALS2	14.3744008911032	14.3219522979531	14.3912697548779	14.1788545546051	14.800116926783	14.3292422579773
A2AE27	>tr|A2AE27|A2AE27_MOUSE Isoform of Q9DBT5, AMP deaminase OS=Mus musculus OX=10090 GN=Ampd2 PE=1 SV=1	AMPD2	13.8669850490124	13.8856532531502	13.8729103657956	13.731793370498	13.8490245496456	13.5772331248351
H3BKM0;Q9DBG3	>tr|H3BKM0|H3BKM0_MOUSE Isoform of Q9DBG3, AP complex subunit beta OS=Mus musculus OX=10090 GN=Ap2b1 PE=1 SV=1;>sp|Q9DBG3|AP2B1_MOUSE AP-2 complex subunit beta OS=Mus musculus OX=10090 GN=Ap2b1 PE=1 SV=1	AP2B1	19.8422023713512	19.5769994771893	19.9294649417174	13.6747279418644	19.5074148501669	14.7432274739661
Q925I1	>sp|Q925I1|ATAD3_MOUSE ATPase family AAA domain-containing protein 3 OS=Mus musculus OX=10090 GN=Atad3 PE=1 SV=1	ATAD3	13.7059258540669	13.802199083107	14.6512365576547	14.9162564609297	12.9153197437557	14.0205193994807
Q8VDN2	>sp|Q8VDN2|AT1A1_MOUSE Sodium/potassium-transporting ATPase subunit alpha-1 OS=Mus musculus OX=10090 GN=Atp1a1 PE=1 SV=1	ATP1A1	15.3336214645655	15.754129356754	15.355195114639	15.8918159011658	15.9471478839077	16.0041468267837
D3YYN7;Q6PIE5	>tr|D3YYN7|D3YYN7_MOUSE Isoform of Q6PIE5, Sodium/potassium-transporting ATPase subunit alpha OS=Mus musculus OX=10090 GN=Atp1a2 PE=1 SV=1;>sp|Q6PIE5|AT1A2_MOUSE Sodium/potassium-transporting ATPase subunit alpha-2 OS=Mus musculus OX=10090 GN=Atp1a2 PE=1 SV=1	ATP1A2	13.6529527780445	12.8684202223563	13.627956348442	13.3515864196428	13.6288793719126	13.2970175192135
A0A0G2JGX4;Q6PIC6	>tr|A0A0G2JGX4|A0A0G2JGX4_MOUSE Isoform of Q6PIC6, Sodium/potassium-transporting ATPase subunit alpha OS=Mus musculus OX=10090 GN=Atp1a3 PE=1 SV=1;>sp|Q6PIC6|AT1A3_MOUSE Sodium/potassium-transporting ATPase subunit alpha-3 OS=Mus musculus OX=10090 GN=Atp1a3 PE=1 SV=1	ATP1A3	15.9012083427759	15.9810791544847	15.8581763459354	16.684906269277	16.4589517502016	16.7095791420298
P14094	>sp|P14094|AT1B1_MOUSE Sodium/potassium-transporting ATPase subunit beta-1 OS=Mus musculus OX=10090 GN=Atp1b1 PE=1 SV=1	ATP1B1	15.9606821452857	15.9872897002946	15.4926635711436	16.1768340014619	16.0145848959819	16.308389398404
O55143	>sp|O55143|AT2A2_MOUSE Sarcoplasmic/endoplasmic reticulum calcium ATPase 2 OS=Mus musculus OX=10090 GN=Atp2a2 PE=1 SV=2	ATP2A2	13.7641263624825	13.7302912557564	13.7376917323883	13.6263698293415	13.9992444917151	13.7796489183506
A0A1W2P772	>tr|A0A1W2P772|A0A1W2P772_MOUSE Isoform of G5E829, Plasma membrane calcium-transporting ATPase 1 (Fragment) OS=Mus musculus OX=10090 GN=Atp2b1 PE=1 SV=1	ATP2B1	13.9425636177546	12.2943645603302	15.4982541670308	14.4700695707827	15.6037688202089	14.7814583623275
F8WHB1;Q3UHH0;Q9R0K7	>tr|F8WHB1|F8WHB1_MOUSE Isoform of Q9R0K7, Calcium-transporting ATPase OS=Mus musculus OX=10090 GN=Atp2b2 PE=1 SV=1;>tr|Q3UHH0|Q3UHH0_MOUSE Isoform of Q9R0K7, Calcium-transporting ATPase OS=Mus musculus OX=10090 GN=Atp2b2 PE=1 SV=1;>sp|Q9R0K7|AT2B2_MOUSE Plasma membrane calcium-transporting ATPase 2 OS=Mus musculus OX=10090 GN=Atp2b2 PE=1 SV=2	ATP2B2	13.7433070106232	14.0153301566476	13.3284468196703	14.6541269003811	14.500093089317	14.8057861608595
A2ALL9	>tr|A2ALL9|A2ALL9_MOUSE Isoform of Q0VF55, Calcium-transporting ATPase OS=Mus musculus OX=10090 GN=Atp2b3 PE=1 SV=1	ATP2B3	15.0109067241081	14.8419672274305	14.7675488379524	15.0233048742078	14.7193753066578	15.0041869565349
Q8C2Q8;Q91VR2	>tr|Q8C2Q8|Q8C2Q8_MOUSE Isoform of Q91VR2, ATP synthase subunit gamma OS=Mus musculus OX=10090 GN=Atp5c1 PE=1 SV=1;>sp|Q91VR2|ATPG_MOUSE ATP synthase subunit gamma, mitochondrial OS=Mus musculus OX=10090 GN=Atp5f1c PE=1 SV=1	ATP5C1;ATP5F1C	15.6751877879702	15.7218705835539	15.8372114979255	16.0296013034333	16.1305041252079	16.0140647288534
Q9CQQ7	>sp|Q9CQQ7|AT5F1_MOUSE ATP synthase F(0) complex subunit B1, mitochondrial OS=Mus musculus OX=10090 GN=Atp5f1 PE=1 SV=1	ATP5F1	15.1943038415012	14.9887925680063	14.6858409194702	15.6903845218904	16.1916683015901	15.4470782552726
Q03265	>sp|Q03265|ATPA_MOUSE ATP synthase subunit alpha, mitochondrial OS=Mus musculus OX=10090 GN=Atp5f1a PE=1 SV=1	ATP5F1A	17.204977887707	17.3593578025183	16.9147170068167	17.1644370110336	17.4191182391098	17.1346312263017
P56480	>sp|P56480|ATPB_MOUSE ATP synthase subunit beta, mitochondrial OS=Mus musculus OX=10090 GN=Atp5f1b PE=1 SV=2	ATP5F1B	16.4461301752872	16.2751043485286	16.362179087835	16.2934425478363	16.3562608446154	16.0447692382799
Q9DCX2	>sp|Q9DCX2|ATP5H_MOUSE ATP synthase subunit d, mitochondrial OS=Mus musculus OX=10090 GN=Atp5h PE=1 SV=3	ATP5H	14.1637825760158	14.1497361815318	14.4102468046765	14.5196703560221	14.6468464723069	14.5801993558131
Q06185	>sp|Q06185|ATP5I_MOUSE ATP synthase subunit e, mitochondrial OS=Mus musculus OX=10090 GN=Atp5i PE=1 SV=2	ATP5I	16.020503448807	18.1945481546452	18.7023669042452	16.3090905583364	16.5669485171238	16.1916555839741
F8WHP8;P56135	>tr|F8WHP8|F8WHP8_MOUSE Isoform of P56135, ATP synthase subunit f, mitochondrial OS=Mus musculus OX=10090 GN=Atp5j2 PE=1 SV=1;>sp|P56135|ATPK_MOUSE ATP synthase subunit f, mitochondrial OS=Mus musculus OX=10090 GN=Atp5j2 PE=1 SV=3	ATP5J2	15.6405364505249	15.9683997945433	15.5024622076158	15.7643189815661	12.9390482168919	12.1606454550055
Q9CPQ8	>sp|Q9CPQ8|ATP5L_MOUSE ATP synthase subunit g, mitochondrial OS=Mus musculus OX=10090 GN=Atp5l PE=1 SV=1	ATP5L	13.580547372885	14.2962634458832	13.2443007614556	13.9631281326509	14.0641091208262	13.6945581933166
Q9DB20	>sp|Q9DB20|ATPO_MOUSE ATP synthase subunit O, mitochondrial OS=Mus musculus OX=10090 GN=Atp5o PE=1 SV=1	ATP5O	15.6626354205109	15.7562446796121	15.9360738619981	16.7099052002582	16.1213071033229	16.308637109323
P98086	>sp|P98086|C1QA_MOUSE Complement C1q subcomponent subunit A OS=Mus musculus OX=10090 GN=C1qa PE=1 SV=2	C1QA	17.4037904762367	16.9330326559838	17.0832422641647	16.7126422596749	17.0282719302029	16.5485026145384
P14106	>sp|P14106|C1QB_MOUSE Complement C1q subcomponent subunit B OS=Mus musculus OX=10090 GN=C1qb PE=1 SV=2	C1QB	15.8797564672573	16.5707041035095	16.1150401267855	15.9995307763886	14.8268130887741	15.8635034810451
Q02105	>sp|Q02105|C1QC_MOUSE Complement C1q subcomponent subunit C OS=Mus musculus OX=10090 GN=C1qc PE=1 SV=2	C1QC	17.1364741759804	16.8225908819651	16.9859799230217	16.5766828062363	16.9829883802773	16.8798539596446
E9Q6C2;Q8CG14	>tr|E9Q6C2|E9Q6C2_MOUSE Isoform of Q8CG14, Complement component 1, s subcomponent 1 OS=Mus musculus OX=10090 GN=C1s1 PE=1 SV=1;>sp|Q8CG14|CS1A_MOUSE Complement C1s-A subcomponent OS=Mus musculus OX=10090 GN=C1sa PE=2 SV=2	C1S1;C1SA	12.6127941816321	12.4969977924666	13.4501463827067	11.5832297336193	15.0681931762569	13.530452672564
P01027	>sp|P01027|CO3_MOUSE Complement C3 OS=Mus musculus OX=10090 GN=C3 PE=1 SV=3	C3	17.0312990687961	16.9691914144734	17.204019486444	16.480273191416	16.7193707789932	16.4074285424617
P01029	>sp|P01029|CO4B_MOUSE Complement C4-B OS=Mus musculus OX=10090 GN=C4b PE=1 SV=3	C4B	16.2774419897124	16.9084475053483	16.5325427244536	16.1919295351846	16.2611353004405	15.892276038266
P06684	>sp|P06684|CO5_MOUSE Complement C5 OS=Mus musculus OX=10090 GN=C5 PE=1 SV=2	C5	16.3324155821444	16.6713744760419	16.2626822156271	15.6570740605318	15.1674617951444	15.8255978158912
A0A1L1SQZ2;P97445	>tr|A0A1L1SQZ2|A0A1L1SQZ2_MOUSE Isoform of P97445, Voltage-dependent P/Q-type calcium channel subunit alpha (Fragment) OS=Mus musculus OX=10090 GN=Cacna1a PE=1 SV=1;>sp|P97445|CAC1A_MOUSE Voltage-dependent P/Q-type calcium channel subunit alpha-1A OS=Mus musculus OX=10090 GN=Cacna1a PE=1 SV=2	CACNA1A	14.1131527798383	14.5558352068187	14.1771995155206	14.3335059259837	14.8205648290052	14.9853023046666
Q5SVJ0	>tr|Q5SVJ0|Q5SVJ0_MOUSE Isoform of P28652, Calcium/calmodulin-dependent protein kinase II, beta, isoform CRA_b OS=Mus musculus OX=10090 GN=Camk2b PE=1 SV=1	CAMK2B	14.3696984679971	14.2276050483302	13.6446163235384	19.0839284070545	19.678197501505	19.6441482677231
Q9ER72	>sp|Q9ER72|SYCC_MOUSE Cysteine--tRNA ligase, cytoplasmic OS=Mus musculus OX=10090 GN=Cars PE=1 SV=2	CARS	13.2418116288876	13.8572805486737	14.0943479134088	13.7338101094467	13.4537946388181	13.4670915460463
P24270	>sp|P24270|CATA_MOUSE Catalase OS=Mus musculus OX=10090 GN=Cat PE=1 SV=4	CAT	16.7344926912446	16.6797830625358	16.6160489530057	16.4529375337041	16.5523756618364	16.2895072027864
Q80UW5	>sp|Q80UW5|MRCKG_MOUSE Serine/threonine-protein kinase MRCK gamma OS=Mus musculus OX=10090 GN=Cdc42bpg PE=1 SV=2	CDC42BPG	14.2155640484707	14.6556602906428	14.2403554538096	13.9094248866365	13.2031740492046	14.4962122004652
F8WGL3;P18760	>tr|F8WGL3|F8WGL3_MOUSE Isoform of P18760, Cofilin-1 OS=Mus musculus OX=10090 GN=Cfl1 PE=1 SV=1;>sp|P18760|COF1_MOUSE Cofilin-1 OS=Mus musculus OX=10090 GN=Cfl1 PE=1 SV=3	CFL1	14.7370158465636	15.1852128914415	14.421592593608	15.2176961280226	14.4699918025598	15.2516596979333
D3Z0L4;Q9CRB9;Q9D9P1;S4R238	>tr|D3Z0L4|D3Z0L4_MOUSE Isoform of Q9CRB9, MICOS complex subunit (Fragment) OS=Mus musculus OX=10090 GN=Chchd3 PE=1 SV=1;>sp|Q9CRB9|MIC19_MOUSE MICOS complex subunit Mic19 OS=Mus musculus OX=10090 GN=Chchd3 PE=1 SV=1;>tr|Q9D9P1|Q9D9P1_MOUSE Isoform of Q9CRB9, MICOS complex subunit OS=Mus musculus OX=10090 GN=Chchd3 PE=1 SV=1;>tr|S4R238|S4R238_MOUSE Isoform of Q9CRB9, MICOS complex subunit OS=Mus musculus OX=10090 GN=Chchd3 PE=1 SV=1	CHCHD3	14.5751226812948	14.7213943700212	14.8791841929439	14.6608039870363	14.8640001051615	14.7127985873295
Q60771	>sp|Q60771|CLD11_MOUSE Claudin-11 OS=Mus musculus OX=10090 GN=Cldn11 PE=1 SV=1	CLDN11	13.920751632965	13.6973896399637	13.478353036439	13.7249461198536	13.9040755560993	13.1796624728581
Q5SXR6;Q68FD5	>tr|Q5SXR6|Q5SXR6_MOUSE Isoform of Q68FD5, Clathrin heavy chain OS=Mus musculus OX=10090 GN=Cltc PE=1 SV=1;>sp|Q68FD5|CLH1_MOUSE Clathrin heavy chain 1 OS=Mus musculus OX=10090 GN=Cltc PE=1 SV=3	CLTC	13.9344860035893	13.7921629527477	13.7615883658401	14.0626010315978	13.767668835166	14.0592152846515
P12960	>sp|P12960|CNTN1_MOUSE Contactin-1 OS=Mus musculus OX=10090 GN=Cntn1 PE=1 SV=1	CNTN1	13.451491694353	13.6009413765744	13.7353066817243	10.0920784091267	13.6156560573564	13.5559375459492
Q61301	>sp|Q61301|CTNA2_MOUSE Catenin alpha-2 OS=Mus musculus OX=10090 GN=Ctnna2 PE=1 SV=3	CTNNA2	13.0965399314826	12.9680761966643	13.2136155267494	12.7509629919451	12.6825139014497	13.0135967372056
Q02248	>sp|Q02248|CTNB1_MOUSE Catenin beta-1 OS=Mus musculus OX=10090 GN=Ctnnb1 PE=1 SV=1	CTNNB1	14.2787552083773	14.3093102307614	14.6159172642783	14.5809139087749	14.6068933780628	14.5934965896283
B7ZNF6;E9QKH8;O35927	>tr|B7ZNF6|B7ZNF6_MOUSE Isoform of O35927, Catenin delta-2 OS=Mus musculus OX=10090 GN=Ctnnd2 PE=1 SV=1;>tr|E9QKH8|E9QKH8_MOUSE Isoform of O35927, Catenin delta-2 OS=Mus musculus OX=10090 GN=Ctnnd2 PE=1 SV=1;>sp|O35927|CTND2_MOUSE Catenin delta-2 OS=Mus musculus OX=10090 GN=Ctnnd2 PE=1 SV=1	CTNND2	10.9119588043714	11.007313326169	10.962783700745	10.7888358399163	11.105268619635	11.3748070512133
Q7TMB8	>sp|Q7TMB8|CYFP1_MOUSE Cytoplasmic FMR1-interacting protein 1 OS=Mus musculus OX=10090 GN=Cyfip1 PE=1 SV=1	CYFIP1	14.8885054687934	17.1550921134519	14.677127538251	16.4121983323998	14.0446696435506	15.4146872626579
Q5SQX6	>sp|Q5SQX6|CYFP2_MOUSE Cytoplasmic FMR1-interacting protein 2 OS=Mus musculus OX=10090 GN=Cyfip2 PE=1 SV=2	CYFIP2	14.5876396905567	14.5241893613131	14.0694450983101	14.3854462088549	14.5207243239872	14.3086508374476
Q3U1J4	>sp|Q3U1J4|DDB1_MOUSE DNA damage-binding protein 1 OS=Mus musculus OX=10090 GN=Ddb1 PE=1 SV=2	DDB1	12.9366730106195	13.1971238836784	12.0343101594765	13.3800964055397	12.9269675061352	14.3896744088311
Q61656;Q8BTS0	>sp|Q61656|DDX5_MOUSE Probable ATP-dependent RNA helicase DDX5 OS=Mus musculus OX=10090 GN=Ddx5 PE=1 SV=2;>tr|Q8BTS0|Q8BTS0_MOUSE Isoform of Q61656, DEAD (Asp-Glu-Ala-Asp) box polypeptide 5 OS=Mus musculus OX=10090 GN=Ddx5 PE=1 SV=1	DDX5	17.2910146228545	17.7902608173619	17.904388132099	15.6705080598302	15.864602993454	16.0339753160489
P54823	>sp|P54823|DDX6_MOUSE Probable ATP-dependent RNA helicase DDX6 OS=Mus musculus OX=10090 GN=Ddx6 PE=1 SV=1	DDX6	16.0061709851303	16.1253533571037	16.1725785026602	15.4722871992499	15.8980378970497	15.3167333880141
Q8BMF4	>sp|Q8BMF4|ODP2_MOUSE Dihydrolipoyllysine-residue acetyltransferase component of pyruvate dehydrogenase complex, mitochondrial OS=Mus musculus OX=10090 GN=Dlat PE=1 SV=2	DLAT	13.8616090124119	13.3376564885527	13.0835535780108	13.3937859747456	13.792495097295	13.3857339357494
A2BEE9;P70175;Q52KF7	>tr|A2BEE9|A2BEE9_MOUSE Isoform of P70175, Disks large homolog 3 OS=Mus musculus OX=10090 GN=Dlg3 PE=1 SV=1;>sp|P70175|DLG3_MOUSE Disks large homolog 3 OS=Mus musculus OX=10090 GN=Dlg3 PE=1 SV=1;>tr|Q52KF7|Q52KF7_MOUSE Isoform of P70175, Disks large homolog 3 OS=Mus musculus OX=10090 GN=Dlg3 PE=1 SV=1	DLG3	13.9094442408712	12.5033746711147	11.9111570348888	14.2623128465707	13.1169811571627	12.7847740517456
Q9D2G2	>sp|Q9D2G2|ODO2_MOUSE Dihydrolipoyllysine-residue succinyltransferase component of 2-oxoglutarate dehydrogenase complex, mitochondrial OS=Mus musculus OX=10090 GN=Dlst PE=1 SV=1	DLST	15.0819242236523	15.1524365759519	14.6427317812956	14.630465026469	15.190946051422	14.6891257930901
A0A0J9YUE9;A0A0J9YUN4	>tr|A0A0J9YUE9|A0A0J9YUE9_MOUSE Isoform of P39053, Dynamin-1 OS=Mus musculus OX=10090 GN=Dnm1 PE=1 SV=1;>tr|A0A0J9YUN4|A0A0J9YUN4_MOUSE Isoform of P39053, Dynamin-1 OS=Mus musculus OX=10090 GN=Dnm1 PE=1 SV=1	DNM1	14.2309735881971	14.6420455561546	14.6377897079705	14.7612336656285	14.7126034970316	14.6900631063408
P39053	>sp|P39053|DYN1_MOUSE Dynamin-1 OS=Mus musculus OX=10090 GN=Dnm1 PE=1 SV=2	DNM1	15.3502080392271	15.365136467982	13.9612149511911	15.2092487625727	14.5204369017915	14.7040114489851
E9PWX1;Q5U4C2;Q80VM5;Q9Z218	>tr|E9PWX1|E9PWX1_MOUSE Isoform of Q9Z218, Dipeptidyl aminopeptidase-like protein 6 OS=Mus musculus OX=10090 GN=Dpp6 PE=1 SV=1;>tr|Q5U4C2|Q5U4C2_MOUSE Isoform of Q9Z218, Dipeptidyl aminopeptidase-like protein 6 OS=Mus musculus OX=10090 GN=Dpp6 PE=1 SV=1;>tr|Q80VM5|Q80VM5_MOUSE Isoform of Q9Z218, Dipeptidyl aminopeptidase-like protein 6 OS=Mus musculus OX=10090 GN=Dpp6 PE=1 SV=1;>sp|Q9Z218|DPP6_MOUSE Dipeptidyl aminopeptidase-like protein 6 OS=Mus musculus OX=10090 GN=Dpp6 PE=1 SV=1	DPP6	13.3160723861752	12.8080092188784	12.8214628113977	13.0067118184588	13.9586200163636	13.4280689927232
O08553	>sp|O08553|DPYL2_MOUSE Dihydropyrimidinase-related protein 2 OS=Mus musculus OX=10090 GN=Dpysl2 PE=1 SV=2	DPYSL2	14.7724884250765	14.2511547964605	14.4987362611764	14.6470383412916	15.3816482240248	14.876247070003
Q9R0P5	>sp|Q9R0P5|DEST_MOUSE Destrin OS=Mus musculus OX=10090 GN=Dstn PE=1 SV=3	DSTN	11.0188918889605	11.0644419034766	11.0669749784047	10.8776579729238	11.1592321462314	9.70932866983471
P62631	>sp|P62631|EF1A2_MOUSE Elongation factor 1-alpha 2 OS=Mus musculus OX=10090 GN=Eef1a2 PE=1 SV=1	EEF1A2	14.7905458922301	14.7580594132825	11.439239687911	14.4167706207928	14.0067228762266	14.2660275679301
Q8BGD9	>sp|Q8BGD9|IF4B_MOUSE Eukaryotic translation initiation factor 4B OS=Mus musculus OX=10090 GN=Eif4b PE=1 SV=1	EIF4B	12.8335638000195	12.5036403545722	12.4279340377686	12.380261016508	12.2842329130737	12.2814879029979
Q5SUS9;Q5SUT0;Q61545	>tr|Q5SUS9|Q5SUS9_MOUSE Isoform of Q61545, RNA-binding protein EWS OS=Mus musculus OX=10090 GN=Ewsr1 PE=1 SV=1;>tr|Q5SUT0|Q5SUT0_MOUSE Isoform of Q61545, RNA-binding protein EWS OS=Mus musculus OX=10090 GN=Ewsr1 PE=1 SV=1;>sp|Q61545|EWS_MOUSE RNA-binding protein EWS OS=Mus musculus OX=10090 GN=Ewsr1 PE=1 SV=2	EWSR1	14.9071303532644	15.6297575991989	17.0528683005565	16.0858961087153	16.5567531038416	16.1381906485297
P26151	>sp|P26151|FCGR1_MOUSE High affinity immunoglobulin gamma Fc receptor I OS=Mus musculus OX=10090 GN=Fcgr1 PE=1 SV=1	FCGR1	15.5191053189927	15.5827157029529	15.5952288482728	14.8137155298914	15.490406861159	15.109942040989
A2AKG8	>sp|A2AKG8|FOCAD_MOUSE Focadhesin OS=Mus musculus OX=10090 GN=Focad PE=1 SV=1	FOCAD	14.7267673129099	14.4811734890016	13.2820315027508	14.6059804234758	14.7078706626936	14.6203169968185
P56959;Q8CFQ9	>sp|P56959|FUS_MOUSE RNA-binding protein FUS OS=Mus musculus OX=10090 GN=Fus PE=1 SV=1;>tr|Q8CFQ9|Q8CFQ9_MOUSE Isoform of P56959, Fusion, derived from t(1216) malignant liposarcoma (Human) OS=Mus musculus OX=10090 GN=Fus PE=1 SV=1	FUS	15.101153435342	15.3002660558639	15.070121118497	15.4736127182213	14.7993953448143	15.048129018986
Q80T41	>sp|Q80T41|GABR2_MOUSE Gamma-aminobutyric acid type B receptor subunit 2 OS=Mus musculus OX=10090 GN=Gabbr2 PE=1 SV=2	GABBR2	11.7066959877593	11.1371531553287	11.5575892939023	12.1681233259858	12.3370527980007	11.8382199271217
A0A0A0MQF6;P16858	>tr|A0A0A0MQF6|A0A0A0MQF6_MOUSE Isoform of P16858, Glyceraldehyde-3-phosphate dehydrogenase OS=Mus musculus OX=10090 GN=Gapdh PE=1 SV=1;>sp|P16858|G3P_MOUSE Glyceraldehyde-3-phosphate dehydrogenase OS=Mus musculus OX=10090 GN=Gapdh PE=1 SV=2	GAPDH	15.5093442488411	15.1332155724585	15.0926110063027	15.4698632293521	15.7069197463003	15.1624377460108
P23242	>sp|P23242|CXA1_MOUSE Gap junction alpha-1 protein OS=Mus musculus OX=10090 GN=Gja1 PE=1 SV=2	GJA1	17.2612558758796	17.2673712394227	17.1827723091877	18.1363931828714	16.8849726380643	16.6233438317948
P15105	>sp|P15105|GLNA_MOUSE Glutamine synthetase OS=Mus musculus OX=10090 GN=Glul PE=1 SV=6	GLUL	14.9608013182322	14.5264119976937	13.3016635437416	14.7163243824362	14.6259901519456	14.7081053162125
A0A0A6YW67;E9Q4P0;E9Q5F6;E9Q9J0;E9QNP0;P0CG49;P0CG50;P62983;P62984;Q5SX22	>tr|A0A0A6YW67|A0A0A6YW67_MOUSE MCG23377, isoform CRA_b OS=Mus musculus OX=10090 GN=Gm8797 PE=4 SV=1;>tr|E9Q4P0|E9Q4P0_MOUSE Isoform of Q80XH1, KxDL motif-containing protein 1 (Fragment) OS=Mus musculus OX=10090 GN=Kxd1 PE=1 SV=1;>tr|E9Q5F6|E9Q5F6_MOUSE Isoform of P0CG50, Polyubiquitin-C (Fragment) OS=Mus musculus OX=10090 GN=Ubc PE=1 SV=1;>tr|E9Q9J0|E9Q9J0_MOUSE Isoform of P62984, Ubiquitin-60S ribosomal protein L40 (Fragment) OS=Mus musculus OX=10090 GN=Uba52 PE=4 SV=1;>tr|E9QNP0|E9QNP0_MOUSE Isoform of Q80XH1, KxDL motif-containing protein 1 OS=Mus musculus OX=10090 GN=Kxd1 PE=1 SV=1;>sp|P0CG49|UBB_MOUSE Polyubiquitin-B OS=Mus musculus OX=10090 GN=Ubb PE=2 SV=1;>sp|P0CG50|UBC_MOUSE Polyubiquitin-C OS=Mus musculus OX=10090 GN=Ubc PE=1 SV=2;>sp|P62983|RS27A_MOUSE Ubiquitin-40S ribosomal protein S27a OS=Mus musculus OX=10090 GN=Rps27a PE=1 SV=2;>sp|P62984|RL40_MOUSE Ubiquitin-60S ribosomal protein L40 OS=Mus musculus OX=10090 GN=Uba52 PE=1 SV=2;>tr|Q5SX22|Q5SX22_MOUSE Isoform of P0CG49, Polyubiquitin-B (Fragment) OS=Mus musculus OX=10090 GN=Ubb PE=4 SV=2	GM8797;KXD1;UBC;UBA52;UBB;RPS27A	15.9001046329188	16.2330068338205	17.2502290633269	16.844444611608	16.9782306145153	16.4863174547391
P18872	>sp|P18872|GNAO_MOUSE Guanine nucleotide-binding protein G(o) subunit alpha OS=Mus musculus OX=10090 GN=Gnao1 PE=1 SV=3	GNAO1	15.3186981732441	15.4266524230405	15.1975029203557	16.0242477722791	15.544391437542	15.5287272487813
H3BKR2;P62874	>tr|H3BKR2|H3BKR2_MOUSE Isoform of P62874, Guanine nucleotide-binding protein G(I)/G(S)/G(T) subunit beta-1 (Fragment) OS=Mus musculus OX=10090 GN=Gnb1 PE=1 SV=8;>sp|P62874|GBB1_MOUSE Guanine nucleotide-binding protein G(I)/G(S)/G(T) subunit beta-1 OS=Mus musculus OX=10090 GN=Gnb1 PE=1 SV=3	GNB1	15.7324776375001	15.5148747510766	15.6059037532203	15.9632346470766	16.2005048036004	15.9824252853647
A2AQR0;Q64521	>tr|A2AQR0|A2AQR0_MOUSE Isoform of Q64521, Glycerol-3-phosphate dehydrogenase OS=Mus musculus OX=10090 GN=Gpd2 PE=1 SV=1;>sp|Q64521|GPDM_MOUSE Glycerol-3-phosphate dehydrogenase, mitochondrial OS=Mus musculus OX=10090 GN=Gpd2 PE=1 SV=2	GPD2	14.1940943159586	13.9899247940208	13.3755066748395	14.6762630575452	14.6696274525216	14.4058843111895
P35802	>sp|P35802|GPM6A_MOUSE Neuronal membrane glycoprotein M6-a OS=Mus musculus OX=10090 GN=Gpm6a PE=1 SV=1	GPM6A	10.8490465595376	10.1429018263572	10.0908215818336	10.7975706538491	10.7582662846851	10.8210109005216
Q61625	>sp|Q61625|GRID2_MOUSE Glutamate receptor ionotropic, delta-2 OS=Mus musculus OX=10090 GN=Grid2 PE=1 SV=1	GRID2	13.5994825459099	13.5437363764079	13.9383437327917	16.0591194352262	15.9259238101111	16.1158935180809
A2AE89;P10649	>tr|A2AE89|A2AE89_MOUSE Isoform of P10649, Glutathione S-transferase Mu 1 OS=Mus musculus OX=10090 GN=Gstm1 PE=1 SV=2;>sp|P10649|GSTM1_MOUSE Glutathione S-transferase Mu 1 OS=Mus musculus OX=10090 GN=Gstm1 PE=1 SV=2	GSTM1	17.9416177631975	17.8843789060473	17.688481436886	17.6044169969781	17.7266270465002	17.6845776023419
P48774	>sp|P48774|GSTM5_MOUSE Glutathione S-transferase Mu 5 OS=Mus musculus OX=10090 GN=Gstm5 PE=1 SV=1	GSTM5	17.0129878142036	16.775647498649	15.7006895436016	17.0550684308191	15.4154381208497	17.1603811628892
P19157	>sp|P19157|GSTP1_MOUSE Glutathione S-transferase P 1 OS=Mus musculus OX=10090 GN=Gstp1 PE=1 SV=2	GSTP1	18.6836299713686	18.8661888714274	18.6051202571435	18.915059610417	18.6267777201914	19.1855180954998
Q91VB8	>tr|Q91VB8|Q91VB8_MOUSE Isoform of P01942, Alpha globin 1 OS=Mus musculus OX=10090 GN=Hba-a1 PE=1 SV=1	HBA-A1	15.2620557642718	15.2255333694603	15.1952854340507	15.1342973320373	14.3381238887765	13.9853060428391
A8DUK4;E9Q223	>tr|A8DUK4|A8DUK4_MOUSE Beta-globin OS=Mus musculus OX=10090 GN=Hbb-bs PE=1 SV=1;>tr|E9Q223|E9Q223_MOUSE Isoform of A8DUK4, Hemoglobin, beta adult s chain (Fragment) OS=Mus musculus OX=10090 GN=Hbb-bs PE=1 SV=1	HBB-BS	16.1533152536445	15.8297746952099	15.4790066502139	15.0878299731991	15.4182737310929	15.5498161419635
Q640R3	>sp|Q640R3|HECAM_MOUSE Hepatocyte cell adhesion molecule OS=Mus musculus OX=10090 GN=Hepacam PE=1 SV=2	HEPACAM	13.6999543824579	14.2815347464311	13.7779629638701	14.2454555675193	12.0004171038315	13.756105993143
G3UVV4;P17710	>tr|G3UVV4|G3UVV4_MOUSE Isoform of P17710, Hexokinase 1, isoform CRA_f OS=Mus musculus OX=10090 GN=Hk1 PE=1 SV=1;>sp|P17710|HXK1_MOUSE Hexokinase-1 OS=Mus musculus OX=10090 GN=Hk1 PE=1 SV=3	HK1	15.3649867948406	15.180246900024	14.8792669297488	13.7093997730228	15.2280644710132	13.4779951669791
A2AL12;Q8BG05	>tr|A2AL12|A2AL12_MOUSE Isoform of Q8BG05, Heterogeneous nuclear ribonucleoprotein A3 OS=Mus musculus OX=10090 GN=Hnrnpa3 PE=1 SV=1;>sp|Q8BG05|ROA3_MOUSE Heterogeneous nuclear ribonucleoprotein A3 OS=Mus musculus OX=10090 GN=Hnrnpa3 PE=1 SV=1	HNRNPA3	14.837056907092	15.093210699259	14.6120380236833	15.0506252463395	14.9581315965697	16.6942500044409
Q8VEK3	>sp|Q8VEK3|HNRPU_MOUSE Heterogeneous nuclear ribonucleoprotein U OS=Mus musculus OX=10090 GN=Hnrnpu PE=1 SV=1	HNRNPU	16.7491361233703	16.9256463002317	16.9570807192185	16.6284485585336	16.2930131614047	16.405892407581
P11499	>sp|P11499|HS90B_MOUSE Heat shock protein HSP 90-beta OS=Mus musculus OX=10090 GN=Hsp90ab1 PE=1 SV=3	HSP90AB1	11.726135003507	11.578881098746	11.3071747346473	11.7715097016422	11.5614905407293	11.384600439517
Q8K0U4	>sp|Q8K0U4|HS12A_MOUSE Heat shock 70 kDa protein 12A OS=Mus musculus OX=10090 GN=Hspa12a PE=1 SV=1	HSPA12A	12.7040690940495	12.4915318941309	12.2249852882069	12.4420550949301	12.6919871430266	12.4888035914584
P20029	>sp|P20029|BIP_MOUSE Endoplasmic reticulum chaperone BiP OS=Mus musculus OX=10090 GN=Hspa5 PE=1 SV=3	HSPA5	15.6700297860556	13.4096509381828	12.8077796692305	14.8578641982639	14.4871704143543	16.0017367036896
P63017	>sp|P63017|HSP7C_MOUSE Heat shock cognate 71 kDa protein OS=Mus musculus OX=10090 GN=Hspa8 PE=1 SV=1	HSPA8	15.0587475462849	15.0964143045493	15.2386436293551	15.4389564329635	15.5204433392402	15.6345870821642
P38647	>sp|P38647|GRP75_MOUSE Stress-70 protein, mitochondrial OS=Mus musculus OX=10090 GN=Hspa9 PE=1 SV=3	HSPA9	14.7122715375661	14.6439495268851	14.2251696551484	14.8420044942944	14.6546646763135	14.9003657148334
Q91VA7	>tr|Q91VA7|Q91VA7_MOUSE Isocitrate dehydrogenase [NAD] subunit, mitochondrial OS=Mus musculus OX=10090 GN=Idh3b PE=1 SV=1	IDH3B	11.7724408587158	11.4237157653154	11.4431558406269	12.3911538978435	11.5297332969868	12.3134102830856
A0A075B5P6;A0A075B6A0;P01872	>tr|A0A075B5P6|A0A075B5P6_MOUSE Isoform of P01872, Immunoglobulin heavy constant mu (Fragment) OS=Mus musculus OX=10090 GN=Ighm PE=1 SV=1;>tr|A0A075B6A0|A0A075B6A0_MOUSE Isoform of P01872, Immunoglobulin heavy constant mu (Fragment) OS=Mus musculus OX=10090 GN=Ighm PE=1 SV=2;>sp|P01872|IGHM_MOUSE Immunoglobulin heavy constant mu OS=Mus musculus OX=10090 GN=Ighm PE=1 SV=2	IGHM	16.3714498303765	15.9238677611729	15.5500585187124	15.80234219831	15.738701038804	15.6842261890041
A0A0R4J117;G3UYZ1;Q8R366	>tr|A0A0R4J117|A0A0R4J117_MOUSE Isoform of Q8R366, Immunoglobulin superfamily member 8 OS=Mus musculus OX=10090 GN=Igsf8 PE=1 SV=1;>tr|G3UYZ1|G3UYZ1_MOUSE Isoform of Q8R366, Immunoglobulin superfamily member 8 OS=Mus musculus OX=10090 GN=Igsf8 PE=1 SV=1;>sp|Q8R366|IGSF8_MOUSE Immunoglobulin superfamily member 8 OS=Mus musculus OX=10090 GN=Igsf8 PE=1 SV=2	IGSF8	13.1076745183441	14.3378977837305	14.8178040192071	13.3161947053443	14.0003627608406	13.9256610975121
A0A1L1SR84;E9PZ19	>tr|A0A1L1SR84|A0A1L1SR84_MOUSE Isoform of E9PZ19, Protein turtle homolog B OS=Mus musculus OX=10090 GN=Igsf9b PE=1 SV=1;>sp|E9PZ19|TUTLB_MOUSE Protein turtle homolog B OS=Mus musculus OX=10090 GN=Igsf9b PE=1 SV=1	IGSF9B	13.7035125861676	13.674887348831	14.4253689050684	12.4976388517859	12.9625190406814	13.1869544168657
Q8CAQ8	>sp|Q8CAQ8|MIC60_MOUSE MICOS complex subunit Mic60 OS=Mus musculus OX=10090 GN=Immt PE=1 SV=1	IMMT	14.3696082650558	14.3171768819588	14.6842146534773	14.1526938703763	14.2977967744111	14.4038952896659
P11881	>sp|P11881|ITPR1_MOUSE Inositol 1,4,5-trisphosphate receptor type 1 OS=Mus musculus OX=10090 GN=Itpr1 PE=1 SV=2	ITPR1	13.5132451575414	13.8549221561381	13.6578676247821	14.2543478818367	14.4406697934746	14.4155324318222
Q02257	>sp|Q02257|PLAK_MOUSE Junction plakoglobin OS=Mus musculus OX=10090 GN=Jup PE=1 SV=3	JUP	9.00727365085628	9.40122841303401	9.99194895208058	11.6521250857509	9.969683075476	10.7691190008263
P15388	>sp|P15388|KCNC1_MOUSE Potassium voltage-gated channel subfamily C member 1 OS=Mus musculus OX=10090 GN=Kcnc1 PE=1 SV=1	KCNC1	10.0670606284411	10.1216516062171	9.86024628996094	10.960544798155	10.1119281538247	10.8738894963624
A0A0R4J2B2;Q6WVG3	>tr|A0A0R4J2B2|A0A0R4J2B2_MOUSE Isoform of Q6WVG3, BTB/POZ domain-containing protein KCTD12 OS=Mus musculus OX=10090 GN=Kctd12 PE=1 SV=1;>sp|Q6WVG3|KCD12_MOUSE BTB/POZ domain-containing protein KCTD12 OS=Mus musculus OX=10090 GN=Kctd12 PE=1 SV=1	KCTD12	14.1162389512776	14.3485179680381	14.4620313466613	14.9876064630529	15.0549531526546	14.9967818318054
Q8CF66	>sp|Q8CF66|LTOR4_MOUSE Ragulator complex protein LAMTOR4 OS=Mus musculus OX=10090 GN=Lamtor4 PE=1 SV=2	LAMTOR4	17.0246301626	17.0162975860835	17.1285457050666	16.8020648706054	16.9316687350816	16.9632820851695
A0A0R4J0S4;Q80Y17	>tr|A0A0R4J0S4|A0A0R4J0S4_MOUSE Isoform of Q80Y17, Lethal(2) giant larvae protein homolog 1 OS=Mus musculus OX=10090 GN=Llgl1 PE=1 SV=1;>sp|Q80Y17|L2GL1_MOUSE Lethal(2) giant larvae protein homolog 1 OS=Mus musculus OX=10090 GN=Llgl1 PE=1 SV=1	LLGL1	14.0606591179392	13.0294555583511	12.9199801551209	14.1654912213427	14.425042073676	14.4928786993141
A0A087WPR1;P20917;Q3ZB60	>tr|A0A087WPR1|A0A087WPR1_MOUSE Isoform of P20917, Myelin-associated glycoprotein OS=Mus musculus OX=10090 GN=Mag PE=1 SV=1;>sp|P20917|MAG_MOUSE Myelin-associated glycoprotein OS=Mus musculus OX=10090 GN=Mag PE=1 SV=2;>tr|Q3ZB60|Q3ZB60_MOUSE Isoform of P20917, Mag protein (Fragment) OS=Mus musculus OX=10090 GN=Mag PE=1 SV=1	MAG	14.6415184255548	14.6716025677913	15.112220073964	14.8413821857131	14.7458345662262	13.8501410890479
A0A0G2JE00;A0A0G2JEG6;Q9WVQ1	>tr|A0A0G2JE00|A0A0G2JE00_MOUSE Isoform of Q9WVQ1, Membrane-associated guanylate kinase, WW and PDZ domain-containing protein 2 OS=Mus musculus OX=10090 GN=Magi2 PE=1 SV=1;>tr|A0A0G2JEG6|A0A0G2JEG6_MOUSE Isoform of Q9WVQ1, Membrane-associated guanylate kinase, WW and PDZ domain-containing protein 2 OS=Mus musculus OX=10090 GN=Magi2 PE=1 SV=1;>sp|Q9WVQ1|MAGI2_MOUSE Membrane-associated guanylate kinase, WW and PDZ domain-containing protein 2 OS=Mus musculus OX=10090 GN=Magi2 PE=1 SV=2	MAGI2	14.047593653441	14.1705877374201	14.0320157283022	14.5256421725395	14.8724716097029	14.9489583176211
P26645	>sp|P26645|MARCS_MOUSE Myristoylated alanine-rich C-kinase substrate OS=Mus musculus OX=10090 GN=Marcks PE=1 SV=2	MARCKS	11.3418383666952	11.2689824850141	9.10221940049168	11.0410468977812	10.8273803659249	11.2432116345858
F6RT34;F6VME3;P04370	>tr|F6RT34|F6RT34_MOUSE Isoform of P04370, Myelin basic protein (Fragment) OS=Mus musculus OX=10090 GN=Mbp PE=1 SV=1;>tr|F6VME3|F6VME3_MOUSE Isoform of P04370, Myelin basic protein (Fragment) OS=Mus musculus OX=10090 GN=Mbp PE=1 SV=1;>sp|P04370|MBP_MOUSE Myelin basic protein OS=Mus musculus OX=10090 GN=Mbp PE=1 SV=2	MBP	16.7124377499838	16.0286695618222	16.1187077005039	16.7847229050219	16.4840971111378	17.0460855001169
P00405	>sp|P00405|COX2_MOUSE Cytochrome c oxidase subunit 2 OS=Mus musculus OX=10090 GN=Mtco2 PE=1 SV=1	MTCO2	15.9410286639987	16.3378915397525	16.7015415677337	16.3820352204754	16.1805740694213	16.8024128070473
A0A1W2P6F6;A0A1W2P7Q9;Q60605	>tr|A0A1W2P6F6|A0A1W2P6F6_MOUSE Isoform of Q60605, Myosin light polypeptide 6 OS=Mus musculus OX=10090 GN=Myl6 PE=1 SV=1;>tr|A0A1W2P7Q9|A0A1W2P7Q9_MOUSE Isoform of Q60605, Myosin light polypeptide 6 OS=Mus musculus OX=10090 GN=Myl6 PE=1 SV=1;>sp|Q60605|MYL6_MOUSE Myosin light polypeptide 6 OS=Mus musculus OX=10090 GN=Myl6 PE=1 SV=3	MYL6	14.7295568570399	14.9636488997469	15.5861349314369	14.6496137392108	15.6742357911171	15.2601684090242
B2RRE2;E9QAX2;K3W4L0;Q9JMH9	>tr|B2RRE2|B2RRE2_MOUSE Isoform of Q9JMH9, Myo18a protein OS=Mus musculus OX=10090 GN=Myo18a PE=1 SV=1;>tr|E9QAX2|E9QAX2_MOUSE Isoform of Q9JMH9, Unconventional myosin-XVIIIa OS=Mus musculus OX=10090 GN=Myo18a PE=1 SV=1;>tr|K3W4L0|K3W4L0_MOUSE Isoform of Q9JMH9, Unconventional myosin-XVIIIa OS=Mus musculus OX=10090 GN=Myo18a PE=1 SV=1;>sp|Q9JMH9|MY18A_MOUSE Unconventional myosin-XVIIIa OS=Mus musculus OX=10090 GN=Myo18a PE=1 SV=2	MYO18A	14.2990445304612	14.6144860009803	14.3428307809616	13.9037846878938	14.2466320365141	13.9549509084441
A2AS98;P28660	>tr|A2AS98|A2AS98_MOUSE Isoform of P28660, Nck-associated protein 1 OS=Mus musculus OX=10090 GN=Nckap1 PE=1 SV=1;>sp|P28660|NCKP1_MOUSE Nck-associated protein 1 OS=Mus musculus OX=10090 GN=Nckap1 PE=1 SV=2	NCKAP1	14.6289576402644	14.9135399376472	14.8114420440518	13.8940045518273	14.8274841760751	14.7640130534294
Q91W39	>sp|Q91W39|NCOA5_MOUSE Nuclear receptor coactivator 5 OS=Mus musculus OX=10090 GN=Ncoa5 PE=1 SV=1	NCOA5	14.1350879530149	14.3752344907831	14.328966513023	13.6269714418521	12.622517682486	13.8433972059818
Q9ERS2	>sp|Q9ERS2|NDUAD_MOUSE NADH dehydrogenase [ubiquinone] 1 alpha subcomplex subunit 13 OS=Mus musculus OX=10090 GN=Ndufa13 PE=1 SV=3	NDUFA13	14.8366234037082	14.4557322091342	13.8723911188133	14.2300759017968	14.2733605879511	14.450705172066
A0A0N4SVQ1;Q62425	>tr|A0A0N4SVQ1|A0A0N4SVQ1_MOUSE Isoform of Q62425, Cytochrome c oxidase subunit NDUFA4 OS=Mus musculus OX=10090 GN=Ndufa4 PE=1 SV=1;>sp|Q62425|NDUA4_MOUSE Cytochrome c oxidase subunit NDUFA4 OS=Mus musculus OX=10090 GN=Ndufa4 PE=1 SV=2	NDUFA4	17.1081016271058	16.5855509565775	16.5938174683564	17.2946221970474	17.2756711832196	17.3976706059334
Q9DCJ5	>sp|Q9DCJ5|NDUA8_MOUSE NADH dehydrogenase [ubiquinone] 1 alpha subcomplex subunit 8 OS=Mus musculus OX=10090 GN=Ndufa8 PE=1 SV=3	NDUFA8	14.9718121953957	15.1565409678491	15.2359091661155	14.6759959099968	15.1602771755942	14.4401215154615
Q9JKL4	>sp|Q9JKL4|NDUF3_MOUSE NADH dehydrogenase [ubiquinone] 1 alpha subcomplex assembly factor 3 OS=Mus musculus OX=10090 GN=Ndufaf3 PE=1 SV=1	NDUFAF3	15.9293741072214	15.8757513876142	15.7543967406695	15.7854036640909	15.3803038691676	15.3799754806664
Q9D1H6	>sp|Q9D1H6|NDUF4_MOUSE NADH dehydrogenase [ubiquinone] 1 alpha subcomplex assembly factor 4 OS=Mus musculus OX=10090 GN=Ndufaf4 PE=1 SV=1	NDUFAF4	14.7332139335701	14.9904553616863	14.4456899694317	14.4338878687073	15.1200394340401	14.7103418495957
Q91VD9	>sp|Q91VD9|NDUS1_MOUSE NADH-ubiquinone oxidoreductase 75 kDa subunit, mitochondrial OS=Mus musculus OX=10090 GN=Ndufs1 PE=1 SV=2	NDUFS1	14.4378265643271	14.5397935920581	13.8016040110207	14.0461817446543	14.1703158856213	13.9485928532976
Q9DCT2	>sp|Q9DCT2|NDUS3_MOUSE NADH dehydrogenase [ubiquinone] iron-sulfur protein 3, mitochondrial OS=Mus musculus OX=10090 GN=Ndufs3 PE=1 SV=2	NDUFS3	13.1513658024943	15.0867864218175	13.5025659786301	14.6961964335493	13.7838752978968	14.9087003659803
O55126;Q7TMG8	>sp|O55126|NIPS2_MOUSE Protein NipSnap homolog 2 OS=Mus musculus OX=10090 GN=Nipsnap2 PE=1 SV=1;>tr|Q7TMG8|Q7TMG8_MOUSE Isoform of O55126, Glioblastoma amplified sequence OS=Mus musculus OX=10090 GN=Nipsnap2 PE=1 SV=1	NIPSNAP2	15.5458826729235	14.9744171993039	14.4469619287575	15.0532599571106	14.3905276220097	15.1274085584978
Q69ZK9	>sp|Q69ZK9|NLGN2_MOUSE Neuroligin-2 OS=Mus musculus OX=10090 GN=Nlgn2 PE=1 SV=2	NLGN2	20.6135877676845	20.8599812317659	20.5691331577379	19.557817116422	20.8014572060593	20.5687552030735
A2AGI0;A2AGI2;Q8BYM5	>tr|A2AGI0|A2AGI0_MOUSE Isoform of Q8BYM5, Neuroligin-3 (Fragment) OS=Mus musculus OX=10090 GN=Nlgn3 PE=1 SV=1;>tr|A2AGI2|A2AGI2_MOUSE Isoform of Q8BYM5, Neuroligin-3 OS=Mus musculus OX=10090 GN=Nlgn3 PE=1 SV=1;>sp|Q8BYM5|NLGN3_MOUSE Neuroligin-3 OS=Mus musculus OX=10090 GN=Nlgn3 PE=1 SV=2	NLGN3	12.6005157853694	12.64073352866	11.6899067599079	12.8319284110925	13.2478665062691	12.6627622497629
F8WGF2;Q9Z0J4;S4R255	>tr|F8WGF2|F8WGF2_MOUSE Isoform of Q9Z0J4, Nitric oxide synthase, brain OS=Mus musculus OX=10090 GN=Nos1 PE=1 SV=1;>sp|Q9Z0J4|NOS1_MOUSE Nitric oxide synthase, brain OS=Mus musculus OX=10090 GN=Nos1 PE=1 SV=1;>tr|S4R255|S4R255_MOUSE Isoform of Q9Z0J4, Nitric oxide synthase OS=Mus musculus OX=10090 GN=Nos1 PE=1 SV=1	NOS1	14.4018010131916	14.3974775307679	14.406747172243	13.9670801855563	13.9864661231593	13.9419202632755
P46460	>sp|P46460|NSF_MOUSE Vesicle-fusing ATPase OS=Mus musculus OX=10090 GN=Nsf PE=1 SV=2	NSF	14.30965838417	14.2307208259082	14.2583056127268	14.5005973816714	14.5924852677276	14.4185517718697
A0A0R4J1I6;Q9QY81	>tr|A0A0R4J1I6|A0A0R4J1I6_MOUSE Isoform of Q9QY81, Nuclear pore membrane glycoprotein 210 OS=Mus musculus OX=10090 GN=Nup210 PE=1 SV=1;>sp|Q9QY81|PO210_MOUSE Nuclear pore membrane glycoprotein 210 OS=Mus musculus OX=10090 GN=Nup210 PE=1 SV=2	NUP210	12.164982213586	12.6048147698951	12.598346842702	11.6930927489379	11.9348213472251	12.0739688105253
Q60597	>sp|Q60597|ODO1_MOUSE 2-oxoglutarate dehydrogenase, mitochondrial OS=Mus musculus OX=10090 GN=Ogdh PE=1 SV=3	OGDH	14.3033281023011	13.9536737106296	13.9899969954237	13.9856959080252	14.075522593428	13.9950855010156
B2RXT3	>tr|B2RXT3|B2RXT3_MOUSE Isoform of E9Q7L0, Ogdhl protein OS=Mus musculus OX=10090 GN=Ogdhl PE=1 SV=1	OGDHL	13.833403217059	13.8115168154246	13.2945109832656	13.6611739188103	13.9514877355759	14.0669343656493
Q9JIP4	>sp|Q9JIP4|PANX1_MOUSE Pannexin-1 OS=Mus musculus OX=10090 GN=Panx1 PE=1 SV=3	PANX1	15.2736473193542	14.9655687518735	15.3891774419615	14.4626517007179	15.0579244328298	14.6042369093524
E0CYV0;E9PWE0;F7D432;P23506	>tr|E0CYV0|E0CYV0_MOUSE Isoform of P23506, Protein-L-isoaspartate O-methyltransferase OS=Mus musculus OX=10090 GN=Pcmt1 PE=1 SV=1;>tr|E9PWE0|E9PWE0_MOUSE Isoform of P23506, Protein-L-isoaspartate O-methyltransferase OS=Mus musculus OX=10090 GN=Pcmt1 PE=1 SV=1;>tr|F7D432|F7D432_MOUSE Isoform of P23506, Protein-L-isoaspartate O-methyltransferase (Fragment) OS=Mus musculus OX=10090 GN=Pcmt1 PE=1 SV=1;>sp|P23506|PIMT_MOUSE Protein-L-isoaspartate(D-aspartate) O-methyltransferase OS=Mus musculus OX=10090 GN=Pcmt1 PE=1 SV=3	PCMT1	14.3131042499272	14.018361731445	13.4665223344056	14.5616844822789	14.0540860294634	12.2229046140276
P35486	>sp|P35486|ODPA_MOUSE Pyruvate dehydrogenase E1 component subunit alpha, somatic form, mitochondrial OS=Mus musculus OX=10090 GN=Pdha1 PE=1 SV=1	PDHA1	11.1848088515642	10.4346388149075	9.84603851853192	11.2512911177077	9.54570958898388	10.2397480983907
Q9D051	>sp|Q9D051|ODPB_MOUSE Pyruvate dehydrogenase E1 component subunit beta, mitochondrial OS=Mus musculus OX=10090 GN=Pdhb PE=1 SV=1	PDHB	14.9165259400173	15.6277119618063	15.4690014038678	16.0179590753902	14.431868660657	15.9366545163943
P12382	>sp|P12382|PFKAL_MOUSE ATP-dependent 6-phosphofructokinase, liver type OS=Mus musculus OX=10090 GN=Pfkl PE=1 SV=4	PFKL	14.639980955532	13.9516492224298	13.1091400486829	14.2320301932589	15.7198662965657	14.7826391728807
P67778	>sp|P67778|PHB_MOUSE Prohibitin OS=Mus musculus OX=10090 GN=Phb PE=1 SV=1	PHB	14.5676573593023	15.3956711152379	15.7756303371471	15.0348249448664	15.4170869155331	15.4553168526633
O35129	>sp|O35129|PHB2_MOUSE Prohibitin-2 OS=Mus musculus OX=10090 GN=Phb2 PE=1 SV=1	PHB2	12.2518696097435	12.7580843311149	12.7639697581643	12.7840217822922	12.8867176706893	12.3013345025067
P60202	>sp|P60202|MYPR_MOUSE Myelin proteolipid protein OS=Mus musculus OX=10090 GN=Plp1 PE=1 SV=2	PLP1	17.4054630300617	17.4285384978335	17.5212394963859	17.3603419815208	17.4685406588117	17.5573316363737
Q99JY8	>sp|Q99JY8|PLPP3_MOUSE Phospholipid phosphatase 3 OS=Mus musculus OX=10090 GN=Plpp3 PE=1 SV=1	PLPP3	16.8401571526849	17.058268354167	16.950052746675	16.6066614962796	16.8419510793969	16.7300109369685
P63328	>sp|P63328|PP2BA_MOUSE Serine/threonine-protein phosphatase 2B catalytic subunit alpha isoform OS=Mus musculus OX=10090 GN=Ppp3ca PE=1 SV=1	PPP3CA	14.6427533712513	14.8969293406856	14.4455391361073	15.9876711309837	16.139400382682	15.0034301299217
P63318	>sp|P63318|KPCG_MOUSE Protein kinase C gamma type OS=Mus musculus OX=10090 GN=Prkcg PE=1 SV=1	PRKCG	15.0451974351149	15.2031518728451	15.0546271465968	15.0378034565221	15.2631253025396	15.4038279870894
Q62101	>sp|Q62101|KPCD1_MOUSE Serine/threonine-protein kinase D1 OS=Mus musculus OX=10090 GN=Prkd1 PE=1 SV=2	PRKD1	14.6554728641577	15.0001269873134	14.9031089851413	13.8733113620162	14.3777048423698	14.3379301148982
E9PUL5	>sp|E9PUL5|PRRT2_MOUSE Proline-rich transmembrane protein 2 OS=Mus musculus OX=10090 GN=Prrt2 PE=1 SV=1	PRRT2	10.2557273796622	10.3505044849096	8.43376930024555	10.0719254705807	10.3467581936253	10.2902619483533
Q9R1P0	>sp|Q9R1P0|PSA4_MOUSE Proteasome subunit alpha type-4 OS=Mus musculus OX=10090 GN=Psma4 PE=1 SV=1	PSMA4	13.9159644532865	13.902118749183	13.8509126396878	14.0482073422954	13.7510861545956	13.912779336039
Q9R1P3	>sp|Q9R1P3|PSB2_MOUSE Proteasome subunit beta type-2 OS=Mus musculus OX=10090 GN=Psmb2 PE=1 SV=1	PSMB2	12.6192399915168	12.438970985879	12.7453126024712	12.4909788913883	12.4224000232689	12.3855269317569
Q9R1P1	>sp|Q9R1P1|PSB3_MOUSE Proteasome subunit beta type-3 OS=Mus musculus OX=10090 GN=Psmb3 PE=1 SV=1	PSMB3	17.4911697945017	17.0462434891203	17.1310344668177	15.9339582492008	17.0974830056775	17.0971772393929
Q8CI94	>sp|Q8CI94|PYGB_MOUSE Glycogen phosphorylase, brain form OS=Mus musculus OX=10090 GN=Pygb PE=1 SV=3	PYGB	12.2397881802016	13.2334211238967	12.7227262061058	13.9001983611004	12.4430746435535	14.2931555326191
Q9D1G1	>sp|Q9D1G1|RAB1B_MOUSE Ras-related protein Rab-1B OS=Mus musculus OX=10090 GN=Rab1b PE=1 SV=1	RAB1B	11.1845598147239	10.3274192451056	10.5522488830524	10.8839236157645	10.6882517029723	10.8116220600216
P63011	>sp|P63011|RAB3A_MOUSE Ras-related protein Rab-3A OS=Mus musculus OX=10090 GN=Rab3a PE=1 SV=1	RAB3A	15.5365540572484	14.0756642508764	12.5640842678605	14.0509023924258	12.4632285290044	14.3742170603438
Q5U3K5	>sp|Q5U3K5|RABL6_MOUSE Rab-like protein 6 OS=Mus musculus OX=10090 GN=Rabl6 PE=1 SV=2	RABL6	12.5568515392191	13.5569832738132	13.8773053434221	13.4022867312473	14.2941078490663	14.8761034607673
A0A0A6YW36;O54829;Q45FE1;Q45FE2;Q80XD3	>tr|A0A0A6YW36|A0A0A6YW36_MOUSE Isoform of O54829, Regulator of G-protein-signaling 7 OS=Mus musculus OX=10090 GN=Rgs7 PE=1 SV=1;>sp|O54829|RGS7_MOUSE Regulator of G-protein signaling 7 OS=Mus musculus OX=10090 GN=Rgs7 PE=1 SV=2;>tr|Q45FE1|Q45FE1_MOUSE Isoform of O54829, Regulator of G-protein signaling 7 isoform B (Fragment) OS=Mus musculus OX=10090 GN=Rgs7 PE=1 SV=1;>tr|Q45FE2|Q45FE2_MOUSE Isoform of O54829, Regulator of G-protein signaling 7 isoform A (Fragment) OS=Mus musculus OX=10090 GN=Rgs7 PE=1 SV=1;>tr|Q80XD3|Q80XD3_MOUSE Isoform of O54829, Regulator of G-protein-signaling 7 OS=Mus musculus OX=10090 GN=Rgs7 PE=1 SV=1	RGS7	12.6577161522009	13.6573789801633	12.9651903697906	13.5739918481315	13.3156365457312	12.3806403541175
Q3UJU9	>sp|Q3UJU9|RMD3_MOUSE Regulator of microtubule dynamics protein 3 OS=Mus musculus OX=10090 GN=Rmdn3 PE=1 SV=2	RMDN3	13.2567564635186	13.0365840801825	13.0384233647252	13.1321728278782	13.0067309037261	13.316673778331
Q6P8J2	>sp|Q6P8J2|SAT2_MOUSE Diamine acetyltransferase 2 OS=Mus musculus OX=10090 GN=Sat2 PE=1 SV=1	SAT2	17.6613978469736	15.9272104605331	16.6504726908146	16.6744491678583	16.183319426235	18.2578772733928
Q8K2B3	>sp|Q8K2B3|SDHA_MOUSE Succinate dehydrogenase [ubiquinone] flavoprotein subunit, mitochondrial OS=Mus musculus OX=10090 GN=Sdha PE=1 SV=1	SDHA	14.8689193432927	14.8370566058518	15.001448291119	15.1223828239732	15.1413752037659	14.8267257173277
Q9CQA3	>sp|Q9CQA3|SDHB_MOUSE Succinate dehydrogenase [ubiquinone] iron-sulfur subunit, mitochondrial OS=Mus musculus OX=10090 GN=Sdhb PE=1 SV=1	SDHB	15.143244215647	14.5809167216832	14.9797895773109	15.1850202597417	15.3426456557704	15.434441531544
B1AQY9;B1AQZ0;B7ZC46;Q8CHH9	>tr|B1AQY9|B1AQY9_MOUSE Isoform of Q8CHH9, Septin-8 OS=Mus musculus OX=10090 GN=Sept8 PE=1 SV=1;>tr|B1AQZ0|B1AQZ0_MOUSE Isoform of Q8CHH9, Septin-8 OS=Mus musculus OX=10090 GN=Sept8 PE=1 SV=1;>tr|B7ZC46|B7ZC46_MOUSE Isoform of Q8CHH9, Septin-8 OS=Mus musculus OX=10090 GN=Sept8 PE=1 SV=1;>sp|Q8CHH9|SEPT8_MOUSE Septin-8 OS=Mus musculus OX=10090 GN=Sept8 PE=1 SV=4	SEPT8	13.0238904883603	11.879878726685	11.3818883036357	11.9300823597118	13.2101771411797	10.7430102810465
Q8VIJ6	>sp|Q8VIJ6|SFPQ_MOUSE Splicing factor, proline- and glutamine-rich OS=Mus musculus OX=10090 GN=Sfpq PE=1 SV=1	SFPQ	15.525066216623	16.0531899238008	15.4122241249195	15.5791656195112	15.0220681646938	15.8769935900425
P56564	>sp|P56564|EAA1_MOUSE Excitatory amino acid transporter 1 OS=Mus musculus OX=10090 GN=Slc1a3 PE=1 SV=2	SLC1A3	16.8958225986816	17.3775290495097	16.975916492501	16.820832132386	16.6025790038091	16.992777838327
O35544	>sp|O35544|EAA4_MOUSE Excitatory amino acid transporter 4 OS=Mus musculus OX=10090 GN=Slc1a6 PE=1 SV=1	SLC1A6	15.5392129931968	15.7062942553278	15.4069023146526	16.4993257030875	16.8256056225527	16.6866023528024
Q9CR62	>sp|Q9CR62|M2OM_MOUSE Mitochondrial 2-oxoglutarate/malate carrier protein OS=Mus musculus OX=10090 GN=Slc25a11 PE=1 SV=3	SLC25A11	15.3691776029013	14.8383430315285	14.5277919654958	14.9898089466949	14.4467696354728	14.5647568286204
Q8BH59	>sp|Q8BH59|CMC1_MOUSE Calcium-binding mitochondrial carrier protein Aralar1 OS=Mus musculus OX=10090 GN=Slc25a12 PE=1 SV=1	SLC25A12	14.25400941426	14.1087384969178	13.4719146995924	14.122610553941	14.2039945703592	14.2416895758538
E9PV90;E9PY45;Q9D6M3	>tr|E9PV90|E9PV90_MOUSE Isoform of Q9D6M3, Mitochondrial glutamate carrier 1 (Fragment) OS=Mus musculus OX=10090 GN=Slc25a22 PE=1 SV=1;>tr|E9PY45|E9PY45_MOUSE Isoform of Q9D6M3, Mitochondrial glutamate carrier 1 (Fragment) OS=Mus musculus OX=10090 GN=Slc25a22 PE=1 SV=4;>sp|Q9D6M3|GHC1_MOUSE Mitochondrial glutamate carrier 1 OS=Mus musculus OX=10090 GN=Slc25a22 PE=1 SV=1	SLC25A22	15.4601744545344	15.5953830313237	15.71645116803	15.6929535500167	16.1226497533522	15.7169532051141
G5E902;Q8VEM8	>tr|G5E902|G5E902_MOUSE Isoform of Q8VEM8, MCG10343, isoform CRA_b OS=Mus musculus OX=10090 GN=Slc25a3 PE=1 SV=1;>sp|Q8VEM8|MPCP_MOUSE Phosphate carrier protein, mitochondrial OS=Mus musculus OX=10090 GN=Slc25a3 PE=1 SV=1	SLC25A3	15.65567294089	15.3676708511685	15.4414231807343	15.9039157878343	16.075553980923	15.9798284079035
P48962	>sp|P48962|ADT1_MOUSE ADP/ATP translocase 1 OS=Mus musculus OX=10090 GN=Slc25a4 PE=1 SV=4	SLC25A4	17.4010475751369	16.4121344826983	12.7471903374183	17.460611198423	17.8687157455371	17.5977061760798
P51881	>sp|P51881|ADT2_MOUSE ADP/ATP translocase 2 OS=Mus musculus OX=10090 GN=Slc25a5 PE=1 SV=3	SLC25A5	17.5348003641177	17.4352119600898	17.4244373856275	17.6406541296594	17.5679522675866	17.392022584686
E9Q8N8	>tr|E9Q8N8|E9Q8N8_MOUSE Isoform of O88343, Anion exchange protein OS=Mus musculus OX=10090 GN=Slc4a4 PE=1 SV=1	SLC4A4	15.2661915700923	15.458544668477	15.5671300093817	15.354096395179	15.4086937683966	15.6953539138907
P60879	>sp|P60879|SNP25_MOUSE Synaptosomal-associated protein 25 OS=Mus musculus OX=10090 GN=Snap25 PE=1 SV=1	SNAP25	13.8061376750448	14.97597884255	13.7655292104391	16.4839468213236	18.9244631686892	14.7999745363007
Q91ZZ3	>sp|Q91ZZ3|SYUB_MOUSE Beta-synuclein OS=Mus musculus OX=10090 GN=Sncb PE=1 SV=1	SNCB	17.6763320037819	16.5446174315953	15.9924788818095	18.4569965060906	18.4955392820685	17.6616052597913
B1AQX9	>tr|B1AQX9|B1AQX9_MOUSE Isoform of Q9QWI6, SRC kinase-signaling inhibitor 1 OS=Mus musculus OX=10090 GN=Srcin1 PE=1 SV=1	SRCIN1	14.0798441922157	14.2273861627138	14.2288779415303	13.8806838021053	14.321178363926	14.4230001685181
P61264	>sp|P61264|STX1B_MOUSE Syntaxin-1B OS=Mus musculus OX=10090 GN=Stx1b PE=1 SV=1	STX1B	14.1504106625708	14.3119569776694	13.8032420712488	15.4072288821535	14.3807610823379	15.22623859068
O08599	>sp|O08599|STXB1_MOUSE Syntaxin-binding protein 1 OS=Mus musculus OX=10090 GN=Stxbp1 PE=1 SV=2	STXBP1	15.2681017279883	15.210139959769	15.021585019611	14.9936616880239	15.175681197861	15.1217110220757
Q9WUM5	>sp|Q9WUM5|SUCA_MOUSE Succinate--CoA ligase [ADP/GDP-forming] subunit alpha, mitochondrial OS=Mus musculus OX=10090 GN=Suclg1 PE=1 SV=4	SUCLG1	9.84297539972164	9.7976116189669	10.4249324449149	10.3135757986947	9.93805056325506	11.4603919417558
Q9JIS5	>sp|Q9JIS5|SV2A_MOUSE Synaptic vesicle glycoprotein 2A OS=Mus musculus OX=10090 GN=Sv2a PE=1 SV=1	SV2A	13.1307835729467	13.4137885309312	13.7604871179833	13.2332839202514	14.2913485779363	13.4698347120617
O55100	>sp|O55100|SNG1_MOUSE Synaptogyrin-1 OS=Mus musculus OX=10090 GN=Syngr1 PE=1 SV=2	SYNGR1	15.0697978324352	12.5770295899415	16.2414339655214	15.1314904613134	15.1899379641809	15.4932491806678
P46096	>sp|P46096|SYT1_MOUSE Synaptotagmin-1 OS=Mus musculus OX=10090 GN=Syt1 PE=1 SV=1	SYT1	14.3281534836058	13.2669344210998	14.9150514421812	14.2829583152089	15.5854391427842	14.7780631377796
A0A0R4J2C2	>tr|A0A0R4J2C2|A0A0R4J2C2_MOUSE Isoform of P46097, Synaptotagmin II OS=Mus musculus OX=10090 GN=Syt2 PE=1 SV=1	SYT2	15.599730680436	16.0843891329597	15.9779504638034	15.2510038162747	15.9682072629334	15.9890083956672
A0A0U1RPD3;A0A0U1RPE1;D3Z3Y4;P70318;Q921W2	>tr|A0A0U1RPD3|A0A0U1RPD3_MOUSE Isoform of P70318, Nucleolysin TIAR OS=Mus musculus OX=10090 GN=Tial1 PE=1 SV=1;>tr|A0A0U1RPE1|A0A0U1RPE1_MOUSE Isoform of P70318, Nucleolysin TIAR (Fragment) OS=Mus musculus OX=10090 GN=Tial1 PE=1 SV=1;>tr|D3Z3Y4|D3Z3Y4_MOUSE Isoform of P70318, Nucleolysin TIAR OS=Mus musculus OX=10090 GN=Tial1 PE=1 SV=2;>sp|P70318|TIAR_MOUSE Nucleolysin TIAR OS=Mus musculus OX=10090 GN=Tial1 PE=1 SV=1;>tr|Q921W2|Q921W2_MOUSE Isoform of P70318, Nucleolysin TIAR OS=Mus musculus OX=10090 GN=Tial1 PE=1 SV=1	TIAL1	13.6995268241388	13.688723307306	12.1441092420776	14.1328672238859	12.4280043763176	13.926689066671
E9Q933;Q8BK08	>tr|E9Q933|E9Q933_MOUSE Isoform of Q8BK08, Transmembrane protein 11, mitochondrial OS=Mus musculus OX=10090 GN=Tmem11 PE=1 SV=1;>sp|Q8BK08|TMM11_MOUSE Transmembrane protein 11, mitochondrial OS=Mus musculus OX=10090 GN=Tmem11 PE=1 SV=1	TMEM11	17.0978214952787	17.4531964321113	17.9663075832771	16.4803388248689	16.5703454216381	16.7249833388677
Q9DAM7	>sp|Q9DAM7|TM263_MOUSE Transmembrane protein 263 OS=Mus musculus OX=10090 GN=Tmem263 PE=1 SV=1	TMEM263	16.3951637620064	16.4001915537264	16.9551936145049	16.4166951072556	17.3178808260732	16.2410430567787
Q8BYI9	>sp|Q8BYI9|TENR_MOUSE Tenascin-R OS=Mus musculus OX=10090 GN=Tnr PE=1 SV=2	TNR	12.6152777704514	13.0950127470198	13.1644790189464	13.0712222130227	12.0226736400125	11.8583789315558
Q9CZW5	>sp|Q9CZW5|TOM70_MOUSE Mitochondrial import receptor subunit TOM70 OS=Mus musculus OX=10090 GN=Tomm70 PE=1 SV=2	TOMM70	13.6023446623073	13.8252969930564	13.9262938076066	13.3690975380559	12.5670723424016	14.4530096715972
Q9CQN1	>sp|Q9CQN1|TRAP1_MOUSE Heat shock protein 75 kDa, mitochondrial OS=Mus musculus OX=10090 GN=Trap1 PE=1 SV=1	TRAP1	19.1069865190151	19.2900409252453	19.0486556808878	19.004461075876	19.04716211121	18.6274993869743
D3YUY7;Q3TDT0;Q9R1R2	>tr|D3YUY7|D3YUY7_MOUSE Isoform of Q9R1R2, Tripartite motif protein 3, isoform CRA_a OS=Mus musculus OX=10090 GN=Trim3 PE=1 SV=2;>tr|Q3TDT0|Q3TDT0_MOUSE Isoform of Q9R1R2, Tripartite motif-containing protein 3 OS=Mus musculus OX=10090 GN=Trim3 PE=1 SV=1;>sp|Q9R1R2|TRIM3_MOUSE Tripartite motif-containing protein 3 OS=Mus musculus OX=10090 GN=Trim3 PE=1 SV=1	TRIM3	15.0745989875573	15.235082446029	15.1233827622201	15.9052749913937	15.4683639364515	15.6193516941079
E9QLH4	>tr|E9QLH4|E9QLH4_MOUSE Isoform of Q8C7M3, E3 ubiquitin-protein ligase TRIM9 OS=Mus musculus OX=10090 GN=Trim9 PE=1 SV=1	TRIM9	15.1836253757521	15.3911034573229	15.0555139359607	15.0301829730211	14.7495493180343	14.7990902855571
A0A1Y7VL44;E9Q6P5	>tr|A0A1Y7VL44|A0A1Y7VL44_MOUSE Isoform of E9Q6P5, Tetratricopeptide repeat protein 7B OS=Mus musculus OX=10090 GN=Ttc7b PE=1 SV=1;>sp|E9Q6P5|TTC7B_MOUSE Tetratricopeptide repeat protein 7B OS=Mus musculus OX=10090 GN=Ttc7b PE=1 SV=1	TTC7B	10.9800317630865	13.8990357513284	12.4216346939991	10.5514793319172	13.5896656628585	13.1253172420412
P68369	>sp|P68369|TBA1A_MOUSE Tubulin alpha-1A chain OS=Mus musculus OX=10090 GN=Tuba1a PE=1 SV=1	TUBA1A	16.5758345592229	16.5086313934158	16.5603014353615	17.1477854270017	17.1843650814018	17.3117171007506
Q7TMM9	>sp|Q7TMM9|TBB2A_MOUSE Tubulin beta-2A chain OS=Mus musculus OX=10090 GN=Tubb2a PE=1 SV=1	TUBB2A	15.2951086354143	15.3010946305429	15.6524546390427	15.5297181476302	16.0013366694791	16.0434540977539
Q9ERD7	>sp|Q9ERD7|TBB3_MOUSE Tubulin beta-3 chain OS=Mus musculus OX=10090 GN=Tubb3 PE=1 SV=1	TUBB3	15.2300601912507	16.0216093603488	15.1857953866586	15.1329538590541	15.7283302179989	15.2087685038902
Q9D6F9	>sp|Q9D6F9|TBB4A_MOUSE Tubulin beta-4A chain OS=Mus musculus OX=10090 GN=Tubb4a PE=1 SV=3	TUBB4A	12.1564527537351	13.1479668216528	12.8929688702699	13.6660394553024	14.116929009457	14.0092456730587
P68372	>sp|P68372|TBB4B_MOUSE Tubulin beta-4B chain OS=Mus musculus OX=10090 GN=Tubb4b PE=1 SV=1	TUBB4B	16.4332930433199	16.2574551370174	16.2581528936853	16.5377920628521	17.0373709088571	16.8628201606658
P99024	>sp|P99024|TBB5_MOUSE Tubulin beta-5 chain OS=Mus musculus OX=10090 GN=Tubb5 PE=1 SV=1	TUBB5	15.2022964905658	14.3601097038361	14.7133277684493	14.8051124577211	15.8137262681407	14.7997691043698
Q8BFR5	>sp|Q8BFR5|EFTU_MOUSE Elongation factor Tu, mitochondrial OS=Mus musculus OX=10090 GN=Tufm PE=1 SV=1	TUFM	14.9556378268654	15.0259347448783	14.7191897870285	14.7697372657815	14.9817601040243	14.4264942686073
Q8BH80;Q9QY76	>tr|Q8BH80|Q8BH80_MOUSE Isoform of Q9QY76, Vesicle-associated membrane protein, associated protein B and C OS=Mus musculus OX=10090 GN=Vapb PE=1 SV=1;>sp|Q9QY76|VAPB_MOUSE Vesicle-associated membrane protein-associated protein B OS=Mus musculus OX=10090 GN=Vapb PE=1 SV=3	VAPB	14.332184837665	15.1948276593212	14.9777532312835	14.3822784278666	14.5610157485449	14.5595243938989
G3UX26;Q60930	>tr|G3UX26|G3UX26_MOUSE Isoform of Q60930, Voltage-dependent anion-selective channel protein 2 OS=Mus musculus OX=10090 GN=Vdac2 PE=1 SV=1;>sp|Q60930|VDAC2_MOUSE Voltage-dependent anion-selective channel protein 2 OS=Mus musculus OX=10090 GN=Vdac2 PE=1 SV=2	VDAC2	16.9966219587062	18.0770635834542	17.5282009359183	16.3484765326588	14.0525917530697	17.690247177408
P62259	>sp|P62259|1433E_MOUSE 14-3-3 protein epsilon OS=Mus musculus OX=10090 GN=Ywhae PE=1 SV=1	YWHAE	10.9473576888287	10.7432320815862	7.56852309755431	12.4882604601075	11.5458006774002	12.4776533644933
F6VW30;F6YY69;P68254	>tr|F6VW30|F6VW30_MOUSE Isoform of P68254, 14-3-3 protein theta (Fragment) OS=Mus musculus OX=10090 GN=Ywhaq PE=1 SV=1;>tr|F6YY69|F6YY69_MOUSE Isoform of P68254, 14-3-3 protein theta (Fragment) OS=Mus musculus OX=10090 GN=Ywhaq PE=1 SV=1;>sp|P68254|1433T_MOUSE 14-3-3 protein theta OS=Mus musculus OX=10090 GN=Ywhaq PE=1 SV=1	YWHAQ	11.6570857795837	13.208619641359	10.212183654401	16.6242749671762	14.6471487828198	15.6567708147104
